{"lr": 0.0098887753171919, "data_time": 0.004758214950561524, "loss": 0.8801722824573517, "decode.loss_ce": 0.5912070214748383, "decode.acc_seg": 81.77261352539062, "aux.loss_ce": 0.2889652535319328, "aux.acc_seg": 80.63131713867188, "time": 0.17311472892761232, "step": 500}
{"lr": 0.00977718671310168, "data_time": 0.004756736755371094, "loss": 0.7067351400852203, "decode.loss_ce": 0.4724012970924377, "decode.acc_seg": 84.07534790039062, "aux.loss_ce": 0.2343338370323181, "aux.acc_seg": 82.4920883178711, "time": 0.1736082077026367, "step": 1000}
{"lr": 0.009665454950832103, "data_time": 0.004709410667419434, "loss": 0.6576961129903793, "decode.loss_ce": 0.4446787416934967, "decode.acc_seg": 84.97804260253906, "aux.loss_ce": 0.21301737278699875, "aux.acc_seg": 83.22480010986328, "time": 0.173637318611145, "step": 1500}
{"lr": 0.009553577983823325, "data_time": 0.004672837257385254, "loss": 0.6419369399547576, "decode.loss_ce": 0.4297023206949234, "decode.acc_seg": 88.35074615478516, "aux.loss_ce": 0.21223462969064713, "aux.acc_seg": 84.03301239013672, "time": 0.17389588356018065, "step": 2000}
{"lr": 0.009441553708923918, "data_time": 0.004720759391784668, "loss": 0.638182008266449, "decode.loss_ce": 0.43052496314048766, "decode.acc_seg": 81.06604766845703, "aux.loss_ce": 0.2076570451259613, "aux.acc_seg": 79.24703979492188, "time": 0.17406914234161378, "step": 2500}
{"lr": 0.009329379964049745, "data_time": 0.004708290100097656, "loss": 0.4772718816995621, "decode.loss_ce": 0.3076846480369568, "decode.acc_seg": 87.56151580810547, "aux.loss_ce": 0.16958722919225694, "aux.acc_seg": 85.82023620605469, "time": 0.1739640235900879, "step": 3000}
{"lr": 0.009217054525713432, "data_time": 0.004816913604736328, "loss": 0.522400850057602, "decode.loss_ce": 0.33363630026578905, "decode.acc_seg": 87.68983459472656, "aux.loss_ce": 0.18876454830169678, "aux.acc_seg": 86.20429229736328, "time": 0.17401385307312012, "step": 3500}
{"lr": 0.009104575106414443, "data_time": 0.004651403427124024, "loss": 0.45752507746219634, "decode.loss_ce": 0.2834406360983849, "decode.acc_seg": 90.47427368164062, "aux.loss_ce": 0.17408443838357926, "aux.acc_seg": 85.65660858154297, "time": 0.17384076118469238, "step": 4000}
{"lr": 0.008991939351880968, "data_time": 0.0047571659088134766, "loss": 0.41183748543262483, "decode.loss_ce": 0.25116700679063797, "decode.acc_seg": 89.31769561767578, "aux.loss_ce": 0.16067047342658042, "aux.acc_seg": 85.66636657714844, "time": 0.17406079769134522, "step": 4500}
{"lr": 0.008879144838152057, "data_time": 0.004724645614624023, "loss": 0.37393318116664886, "decode.loss_ce": 0.22966155111789704, "decode.acc_seg": 89.04014587402344, "aux.loss_ce": 0.1442716307938099, "aux.acc_seg": 87.78155517578125, "time": 0.17433791160583495, "step": 5000}
{"aAcc": 87.51, "mIoU": 16.01, "mAcc": 23.27, "step": 5000}
